[
  {
    "id": "1",
    "questions": "What is 1 + 1",
    "possible1": "1",
    "possible2": "2",
    "possible3": "3",
    "possible4": "4",
    "answer": "B"
  },
  {
    "id": "2",
    "questions": "What is 1 + 2",
    "possible1": "1",
    "possible2": "2",
    "possible3": "3",
    "possible4": "4",
    "answer": "C"
  },
  {
    "id": "3",
    "questions": "What is 1 + 3",
    "possible1": "1",
    "possible2": "2",
    "possible3": "3",
    "possible4": "4",
    "answer": "D"
  }
]